day_of_week,hour,minute,latency_ms,jitter,packet_loss,is_weekend,server_encoded,latency_lag_1,latency_lag_2,latency_lag_3,latency_rolling_mean_5,latency_rolling_std_5,jitter_rolling_mean_5,hour_sin,hour_cos,dow_sin,dow_cos,latency_jitter_ratio
4,23,11,18.8,1.25,0.0,0,0,27.0,27.2,21.4,25.32,5.281287721758776,4.15,-0.25881904510252157,0.9659258262890681,-0.433883739117558,-0.9009688679024191,15.039987968009628
4,23,11,33.4,10.75,0.0,0,1,18.8,27.0,27.2,25.56,5.684012667121703,4.45,-0.25881904510252157,0.9659258262890681,-0.433883739117558,-0.9009688679024191,3.1069764551649808
4,23,11,27.8,1.5,0.0,0,2,33.4,18.8,27.0,26.840000000000003,5.214211349763257,3.4,-0.25881904510252157,0.9659258262890681,-0.433883739117558,-0.9009688679024191,18.533320977786016
4,23,12,19.6,2.5,0.0,0,0,27.8,33.4,18.8,25.32,6.1132642671489315,3.4,-0.25881904510252157,0.9659258262890681,-0.433883739117558,-0.9009688679024191,7.839996864001255
4,23,12,31.8,6.5,0.0,0,1,19.6,27.8,33.4,26.28,6.783214577175041,4.5,-0.25881904510252157,0.9659258262890681,-0.433883739117558,-0.9009688679024191,4.892306939645086
4,23,12,32.6,8.25,0.0,0,2,31.8,19.6,27.8,29.04,5.699824558703538,5.9,-0.25881904510252157,0.9659258262890681,-0.433883739117558,-0.9009688679024191,3.9515146725436767
4,23,12,18.8,1.75,0.0,0,0,32.6,31.8,19.6,26.119999999999997,6.579665645000511,4.1,-0.25881904510252157,0.9659258262890681,-0.433883739117558,-0.9009688679024191,10.742851004085141
4,23,12,31.6,7.75,0.0,0,1,18.8,32.6,31.8,26.880000000000003,7.02652118761482,5.35,-0.25881904510252157,0.9659258262890681,-0.433883739117558,-0.9009688679024191,4.077418828720151
4,23,12,34.0,14.75,0.0,0,2,31.6,18.8,32.6,29.76,6.199032182526557,7.8,-0.25881904510252157,0.9659258262890681,-0.433883739117558,-0.9009688679024191,2.3050845894857908
4,23,12,18.6,1.25,0.0,0,0,34.0,31.6,18.8,27.119999999999997,7.73382182365226,6.75,-0.25881904510252157,0.9659258262890681,-0.433883739117558,-0.9009688679024191,14.879988096009525
4,23,12,29.4,2.5,0.0,0,1,18.6,34.0,31.6,26.48,7.286425735571588,5.6,-0.25881904510252157,0.9659258262890681,-0.433883739117558,-0.9009688679024191,11.75999529600188
4,23,13,35.0,19.75,0.0,0,2,29.4,18.6,34.0,29.72,6.585742175336048,9.2,-0.25881904510252157,0.9659258262890681,-0.433883739117558,-0.9009688679024191,1.7721518090049717
4,23,13,17.8,0.75,0.0,0,0,35.0,29.4,18.6,26.96,8.275747700359164,7.8,-0.25881904510252157,0.9659258262890681,-0.433883739117558,-0.9009688679024191,23.733301688931082
4,23,13,30.6,10.0,0.0,0,1,17.8,35.0,29.4,26.28,7.670202083387371,6.85,-0.25881904510252157,0.9659258262890681,-0.433883739117558,-0.9009688679024191,3.059999694000031
4,23,13,26.2,1.25,0.0,0,2,30.6,17.8,35.0,27.8,6.418722614352483,6.85,-0.25881904510252157,0.9659258262890681,-0.433883739117558,-0.9009688679024191,20.959983232013414
4,23,13,19.6,0.75,0.0,0,0,26.2,30.6,17.8,25.839999999999996,7.25037930042284,6.5,-0.25881904510252157,0.9659258262890681,-0.433883739117558,-0.9009688679024191,26.13329848893535
4,23,13,28.2,4.25,0.0,0,1,19.6,26.2,30.6,24.48,5.5382307644228765,3.4,-0.25881904510252157,0.9659258262890681,-0.433883739117558,-0.9009688679024191,6.635292556401751
4,23,13,33.0,8.75,0.0,0,2,28.2,19.6,26.2,27.520000000000003,5.109990215254817,5.0,-0.25881904510252157,0.9659258262890681,-0.433883739117558,-0.9009688679024191,3.771428140408213
4,23,13,39.075,45.75,0.0,0,0,33.0,28.2,19.6,29.214999999999996,7.316325922209861,12.15,-0.25881904510252157,0.9659258262890681,-0.433883739117558,-0.9009688679024191,0.8540983419869216
4,23,13,30.8,4.5,0.0,0,1,39.075,33.0,28.2,30.135,7.129244349859245,12.8,-0.25881904510252157,0.9659258262890681,-0.433883739117558,-0.9009688679024191,6.8444429234571285
4,23,14,39.075,32.0,0.0,0,2,30.8,39.075,33.0,34.029999999999994,4.908837693385264,19.05,-0.25881904510252157,0.9659258262890681,-0.433883739117558,-0.9009688679024191,1.2210937118408216
4,23,14,34.2,15.75,0.0,0,0,39.075,30.8,39.075,35.230000000000004,3.7157351224219344,21.35,-0.25881904510252157,0.9659258262890681,-0.433883739117558,-0.9009688679024191,2.1714284335601
4,23,14,37.4,15.5,0.0,0,1,34.2,39.075,30.8,36.11,3.5738896877212,22.7,-0.25881904510252157,0.9659258262890681,-0.433883739117558,-0.9009688679024191,2.412903070135286
4,23,14,26.4,1.25,0.0,0,2,37.4,34.2,39.075,33.575,5.110100292557863,13.8,-0.25881904510252157,0.9659258262890681,-0.433883739117558,-0.9009688679024191,21.119983104013517
4,23,14,18.2,1.25,0.0,0,0,26.4,37.4,34.2,31.055,8.68030097404462,13.15,-0.25881904510252157,0.9659258262890681,-0.433883739117558,-0.9009688679024191,14.559988352009318
4,23,14,27.6,2.25,0.0,0,1,18.2,26.4,37.4,28.76,7.461099114741742,7.2,-0.25881904510252157,0.9659258262890681,-0.433883739117558,-0.9009688679024191,12.266661214817237
4,23,14,26.8,0.5,0.0,0,2,27.6,18.2,26.4,27.28,6.818504234801062,4.15,-0.25881904510252157,0.9659258262890681,-0.433883739117558,-0.9009688679024191,53.5998928002144
4,23,15,22.8,7.5,0.0,0,0,26.8,27.6,18.2,24.36,3.9048687557970583,2.55,-0.25881904510252157,0.9659258262890681,-0.433883739117558,-0.9009688679024191,3.0399995946667207
4,23,15,27.4,1.25,0.0,0,1,22.8,26.8,27.6,24.56,4.058078362969358,2.55,-0.25881904510252157,0.9659258262890681,-0.433883739117558,-0.9009688679024191,21.91998246401403
4,23,15,29.4,1.25,0.0,0,2,27.4,22.8,26.8,26.8,2.4372115213907946,2.55,-0.25881904510252157,0.9659258262890681,-0.433883739117558,-0.9009688679024191,23.51998118401505
4,23,15,19.2,2.5,0.0,0,0,29.4,27.4,22.8,25.119999999999997,4.085584413520304,2.6,-0.25881904510252157,0.9659258262890681,-0.433883739117558,-0.9009688679024191,7.679996928001228
4,23,15,32.0,6.5,0.0,0,1,19.2,29.4,27.4,26.159999999999997,5.144706016868217,3.8,-0.25881904510252157,0.9659258262890681,-0.433883739117558,-0.9009688679024191,4.92307616568059
4,23,15,33.8,7.25,0.0,0,2,32.0,19.2,29.4,28.359999999999996,5.673446924048908,3.75,-0.25881904510252157,0.9659258262890681,-0.433883739117558,-0.9009688679024191,4.662068322473334
4,23,15,22.6,9.25,0.0,0,0,33.8,32.0,19.2,27.4,6.252999280345395,5.35,-0.25881904510252157,0.9659258262890681,-0.433883739117558,-0.9009688679024191,2.4432429791088675
4,23,15,27.6,2.25,0.0,0,1,22.6,33.8,32.0,27.04,6.160194802114623,5.55,-0.25881904510252157,0.9659258262890681,-0.433883739117558,-0.9009688679024191,12.266661214817237
4,23,16,30.0,6.75,0.0,0,2,27.6,22.6,33.8,29.2,4.352011029397787,6.4,-0.25881904510252157,0.9659258262890681,-0.433883739117558,-0.9009688679024191,4.444443786008328
4,23,16,19.4,2.0,0.0,0,0,30.0,27.6,22.6,26.68,5.749086884019064,5.5,-0.25881904510252157,0.9659258262890681,-0.433883739117558,-0.9009688679024191,9.699995150002424
4,23,16,30.2,5.5,0.0,0,1,19.4,30.0,27.6,25.959999999999997,4.777865632267201,5.15,-0.25881904510252157,0.9659258262890681,-0.433883739117558,-0.9009688679024191,5.490908092562164
4,23,16,28.0,3.25,0.0,0,2,30.2,19.4,30.0,27.04,4.425833254879812,3.95,-0.25881904510252157,0.9659258262890681,-0.433883739117558,-0.9009688679024191,8.615381964497857
4,23,16,19.2,2.75,0.0,0,0,28.0,30.2,19.4,25.360000000000003,5.598928468912607,4.05,-0.25881904510252157,0.9659258262890681,-0.433883739117558,-0.9009688679024191,6.981815642976129
4,23,16,26.4,0.75,0.0,0,1,19.2,28.0,30.2,24.64,5.058458263146993,2.85,-0.25881904510252157,0.9659258262890681,-0.433883739117558,-0.9009688679024191,35.19995306672924
4,23,16,27.6,2.5,0.0,0,2,26.4,19.2,28.0,26.28,4.189510711288378,2.95,-0.25881904510252157,0.9659258262890681,-0.433883739117558,-0.9009688679024191,11.039995584001767
4,23,16,18.0,1.25,0.0,0,0,27.6,26.4,19.2,23.839999999999996,4.838181476546753,2.1,-0.25881904510252157,0.9659258262890681,-0.433883739117558,-0.9009688679024191,14.399988480009217
4,23,16,26.8,1.5,0.0,0,1,18.0,27.6,26.4,23.6,4.604345773288549,1.75,-0.25881904510252157,0.9659258262890681,-0.433883739117558,-0.9009688679024191,17.8666547555635
4,23,17,25.6,0.25,0.0,0,2,26.8,18.0,27.6,24.880000000000003,3.913055072446604,1.25,-0.25881904510252157,0.9659258262890681,-0.433883739117558,-0.9009688679024191,102.3995904016384
4,23,17,22.6,10.75,0.0,0,0,25.6,26.8,18.0,24.12,3.913055072446607,3.25,-0.25881904510252157,0.9659258262890681,-0.433883739117558,-0.9009688679024191,2.102325385830197
4,23,17,27.6,2.25,0.0,0,1,22.6,25.6,26.8,24.119999999999997,3.913055072446607,3.2,-0.25881904510252157,0.9659258262890681,-0.433883739117558,-0.9009688679024191,12.266661214817237
4,23,17,30.0,7.0,0.0,0,2,27.6,22.6,25.6,26.52,2.718823274874639,4.35,-0.25881904510252157,0.9659258262890681,-0.433883739117558,-0.9009688679024191,4.285713673469475
4,23,17,22.6,8.5,0.0,0,0,30.0,27.6,22.6,25.68,3.2143428566349415,5.75,-0.25881904510252157,0.9659258262890681,-0.433883739117558,-0.9009688679024191,2.6588232166090338
4,23,17,28.6,3.75,0.0,0,1,22.6,30.0,27.6,26.28,3.4658332331490014,6.45,-0.25881904510252157,0.9659258262890681,-0.433883739117558,-0.9009688679024191,7.626664632889431
4,23,17,25.4,0.75,0.0,0,2,28.6,22.6,30.0,26.839999999999996,2.9031017894658895,4.45,-0.25881904510252157,0.9659258262890681,-0.433883739117558,-0.9009688679024191,33.86662151117132
4,23,17,18.6,2.25,0.0,0,0,25.4,28.6,22.6,25.04,4.6052144358325044,4.45,-0.25881904510252157,0.9659258262890681,-0.433883739117558,-0.9009688679024191,8.266662992594226
4,23,18,27.8,3.75,0.0,0,1,18.6,25.4,28.6,24.6,4.089009660052187,3.8,-0.25881904510252157,0.9659258262890681,-0.433883739117558,-0.9009688679024191,7.413331356444972
4,23,18,26.8,0.75,0.0,0,2,27.8,18.6,25.4,25.44,4.005995506737382,2.25,-0.25881904510252157,0.9659258262890681,-0.433883739117558,-0.9009688679024191,35.733285688952414
4,23,18,23.0,6.5,0.0,0,0,26.8,27.8,18.6,24.32,3.6704223190254432,2.8,-0.25881904510252157,0.9659258262890681,-0.433883739117558,-0.9009688679024191,3.5384609940829237
4,23,18,28.0,4.0,0.0,0,1,23.0,26.8,27.8,24.84,4.028399185780885,3.45,-0.25881904510252157,0.9659258262890681,-0.433883739117558,-0.9009688679024191,6.999998250000437
4,23,18,27.8,4.0,0.0,0,2,28.0,23.0,26.8,26.68,2.1099763031844834,3.8,-0.25881904510252157,0.9659258262890681,-0.433883739117558,-0.9009688679024191,6.949998262500435
4,23,18,18.8,2.25,0.0,0,0,27.8,28.0,23.0,24.88,3.951202348652888,3.5,-0.25881904510252157,0.9659258262890681,-0.433883739117558,-0.9009688679024191,8.35555184197696
4,23,18,26.6,1.75,0.0,0,1,18.8,27.8,28.0,24.84,3.927849284277606,3.7,-0.25881904510252157,0.9659258262890681,-0.433883739117558,-0.9009688679024191,15.19999131429068
4,23,19,27.0,1.5,0.0,0,2,26.6,18.8,27.8,25.639999999999997,3.866264346885774,2.7,-0.25881904510252157,0.9659258262890681,-0.433883739117558,-0.9009688679024191,17.999988000008003
4,23,19,18.2,2.0,0.0,0,0,27.0,26.6,18.8,23.68,4.753104248804156,2.3,-0.25881904510252157,0.9659258262890681,-0.433883739117558,-0.9009688679024191,9.099995450002274
4,23,19,26.6,1.5,0.0,0,1,18.2,27.0,26.6,23.44,4.517521444332072,1.8,-0.25881904510252157,0.9659258262890681,-0.433883739117558,-0.9009688679024191,17.733321511118994
4,23,19,25.4,0.5,0.0,0,2,26.6,18.2,27.0,24.76,3.715911731997962,1.45,-0.25881904510252157,0.9659258262890681,-0.433883739117558,-0.9009688679024191,50.79989840020319
4,23,19,21.8,7.25,0.0,0,0,25.4,26.6,18.2,23.8,3.7416573867739573,2.55,-0.25881904510252157,0.9659258262890681,-0.433883739117558,-0.9009688679024191,3.0068961369798433
4,23,19,26.4,1.25,0.0,0,1,21.8,25.4,26.6,23.68,3.621049571602151,2.5,-0.25881904510252157,0.9659258262890681,-0.433883739117558,-0.9009688679024191,21.119983104013517
4,23,19,29.0,3.0,0.0,0,2,26.4,21.8,25.4,25.839999999999996,2.616868357407393,2.7,-0.25881904510252157,0.9659258262890681,-0.433883739117558,-0.9009688679024191,9.666663444445518
4,23,19,18.0,0.75,0.0,0,0,29.0,26.4,21.8,24.119999999999997,4.286257108480558,2.55,-0.25881904510252157,0.9659258262890681,-0.433883739117558,-0.9009688679024191,23.999968000042667
4,23,19,26.8,1.5,0.0,0,1,18.0,29.0,26.4,24.4,4.433959855479085,2.75,-0.25881904510252157,0.9659258262890681,-0.433883739117558,-0.9009688679024191,17.8666547555635
4,23,20,28.2,4.0,0.0,0,2,26.8,18.0,29.0,25.68,4.419502234415101,2.1,-0.25881904510252157,0.9659258262890681,-0.433883739117558,-0.9009688679024191,7.04999823750044
4,23,20,19.8,2.25,0.0,0,0,28.2,26.8,18.0,24.360000000000003,5.086059378339984,2.3,-0.25881904510252157,0.9659258262890681,-0.433883739117558,-0.9009688679024191,8.799996088890627
4,23,20,27.6,2.25,0.0,0,1,19.8,28.2,26.8,24.080000000000002,4.797082446654437,2.15,-0.25881904510252157,0.9659258262890681,-0.433883739117558,-0.9009688679024191,12.266661214817237
4,23,20,32.4,10.75,0.0,0,2,27.6,19.8,28.2,26.96,4.550604355467526,4.15,-0.25881904510252157,0.9659258262890681,-0.433883739117558,-0.9009688679024191,3.0139532080043527
4,23,20,20.2,1.5,0.0,0,0,32.4,27.6,19.8,25.639999999999997,5.472476587432792,4.15,-0.25881904510252157,0.9659258262890681,-0.433883739117558,-0.9009688679024191,13.466657688894875
4,23,20,27.4,1.5,0.0,0,1,20.2,32.4,27.6,25.48,5.389990723554176,3.65,-0.25881904510252157,0.9659258262890681,-0.433883739117558,-0.9009688679024191,18.266654488897007
4,23,20,26.8,1.25,0.0,0,2,27.4,20.2,32.4,26.879999999999995,4.355685939091572,3.45,-0.25881904510252157,0.9659258262890681,-0.433883739117558,-0.9009688679024191,21.439982848013724
4,23,20,19.2,3.25,0.0,0,0,26.8,27.4,20.2,25.2,5.482700064749125,3.65,-0.25881904510252157,0.9659258262890681,-0.433883739117558,-0.9009688679024191,5.907690489941388
4,23,21,26.4,1.25,0.0,0,1,19.2,26.8,27.4,23.999999999999996,3.957271787481886,1.75,-0.25881904510252157,0.9659258262890681,-0.433883739117558,-0.9009688679024191,21.119983104013517
4,23,21,26.8,1.5,0.0,0,2,26.4,19.2,26.8,25.32,3.4397674339989983,1.75,-0.25881904510252157,0.9659258262890681,-0.433883739117558,-0.9009688679024191,17.8666547555635
4,23,21,20.8,5.75,0.0,0,0,26.8,26.4,19.2,24.0,3.6986484017813974,2.6,-0.25881904510252157,0.9659258262890681,-0.433883739117558,-0.9009688679024191,3.6173906752364045
4,23,21,31.2,4.0,0.0,0,1,20.8,26.8,26.4,24.880000000000003,4.869496893930631,3.15,-0.25881904510252157,0.9659258262890681,-0.433883739117558,-0.9009688679024191,7.799998050000487
4,23,21,27.2,2.5,0.0,0,2,31.2,20.8,26.8,26.48,3.713758204299254,3.0,-0.25881904510252157,0.9659258262890681,-0.433883739117558,-0.9009688679024191,10.87999564800174
4,23,21,19.4,2.0,0.0,0,0,27.2,31.2,20.8,25.080000000000002,4.885898075072796,3.15,-0.25881904510252157,0.9659258262890681,-0.433883739117558,-0.9009688679024191,9.699995150002424
4,23,21,29.6,7.0,0.0,0,1,19.4,27.2,31.2,25.639999999999997,5.277120426899508,4.25,-0.25881904510252157,0.9659258262890681,-0.433883739117558,-0.9009688679024191,4.228570824489882
4,23,21,28.8,4.5,0.0,0,2,29.6,19.4,27.2,27.24,4.6138920663578595,4.0,-0.25881904510252157,0.9659258262890681,-0.433883739117558,-0.9009688679024191,6.399998577778094
4,23,22,21.8,6.5,0.0,0,0,28.8,29.6,19.4,25.360000000000003,4.510875746459888,4.5,-0.25881904510252157,0.9659258262890681,-0.433883739117558,-0.9009688679024191,3.353845637869902
4,23,22,33.6,6.75,0.0,0,1,21.8,28.8,29.6,26.639999999999997,5.867537814109085,5.35,-0.25881904510252157,0.9659258262890681,-0.433883739117558,-0.9009688679024191,4.977777040329327
4,23,24,31.4,7.25,0.0,0,2,33.6,21.8,28.8,29.04,4.448370488167543,6.4,-0.25881904510252157,0.9659258262890681,-0.433883739117558,-0.9009688679024191,4.331033885374636
4,23,24,22.0,11.0,0.0,0,0,31.4,33.6,21.8,27.52,5.404812670204213,7.2,-0.25881904510252157,0.9659258262890681,-0.433883739117558,-0.9009688679024191,1.9999998181818348
4,23,24,25.6,1.5,0.0,0,1,22.0,31.4,33.6,26.879999999999995,5.404812670204214,6.6,-0.25881904510252157,0.9659258262890681,-0.433883739117558,-0.9009688679024191,17.066655288896477
4,23,24,26.2,1.25,0.0,0,2,25.6,22.0,31.4,27.759999999999998,4.680598252360481,5.55,-0.25881904510252157,0.9659258262890681,-0.433883739117558,-0.9009688679024191,20.959983232013414
4,23,24,19.0,1.75,0.0,0,0,26.2,25.6,22.0,24.84,4.680598252360487,4.55,-0.25881904510252157,0.9659258262890681,-0.433883739117558,-0.9009688679024191,10.85713665306477
4,23,24,31.8,11.75,0.0,0,1,19.0,26.2,25.6,24.92,4.822032766375613,5.45,-0.25881904510252157,0.9659258262890681,-0.433883739117558,-0.9009688679024191,2.706382748392958
4,23,24,27.8,3.5,0.0,0,2,31.8,19.0,26.2,26.080000000000002,4.638103060519462,3.95,-0.25881904510252157,0.9659258262890681,-0.433883739117558,-0.9009688679024191,7.942854873470036
4,23,24,19.4,1.5,0.0,0,0,27.8,31.8,19.0,24.84,5.539675080724505,3.95,-0.25881904510252157,0.9659258262890681,-0.433883739117558,-0.9009688679024191,12.933324711116859
4,23,24,27.8,3.0,0.0,0,1,19.4,27.8,31.8,25.16,5.682253074265528,4.3,-0.25881904510252157,0.9659258262890681,-0.433883739117558,-0.9009688679024191,9.266663577778807
4,23,25,28.0,3.25,0.0,0,2,27.8,19.4,27.8,26.96,4.557192117960355,4.6,-0.25881904510252157,0.9659258262890681,-0.433883739117558,-0.9009688679024191,8.615381964497857
4,23,25,20.0,2.0,0.0,0,0,28.0,27.8,19.4,24.6,4.4788391353117465,2.65,-0.25881904510252157,0.9659258262890681,-0.433883739117558,-0.9009688679024191,9.9999950000025
4,23,25,27.2,1.25,0.0,0,1,20.0,28.0,27.8,24.48,4.378584246077729,2.2,-0.25881904510252157,0.9659258262890681,-0.433883739117558,-0.9009688679024191,21.759982592013927
4,23,25,27.2,0.75,0.0,0,2,27.2,20.0,28.0,26.04,3.3952908564657625,2.05,-0.25881904510252157,0.9659258262890681,-0.433883739117558,-0.9009688679024191,36.266618311175584
4,23,25,21.2,3.25,0.0,0,0,27.2,27.2,20.0,24.72,3.798947222586812,2.1,-0.25881904510252157,0.9659258262890681,-0.433883739117558,-0.9009688679024191,6.523074915976949
4,23,25,27.6,1.5,0.0,0,1,21.2,27.2,27.2,24.64,3.715911731997957,1.75,-0.25881904510252157,0.9659258262890681,-0.433883739117558,-0.9009688679024191,18.39998773334151
4,23,25,33.0,10.25,0.0,0,2,27.6,21.2,27.2,27.24,4.177080320032158,3.4,-0.25881904510252157,0.9659258262890681,-0.433883739117558,-0.9009688679024191,3.2195118810232315
4,23,25,24.2,6.75,0.0,0,0,33.0,27.6,21.2,26.639999999999997,4.394086935871886,4.5,-0.25881904510252157,0.9659258262890681,-0.433883739117558,-0.9009688679024191,3.5851846540467176
4,23,26,27.2,0.5,0.0,0,1,24.2,33.0,27.6,26.640000000000004,4.394086935871886,4.45,-0.25881904510252157,0.9659258262890681,-0.433883739117558,-0.9009688679024191,54.399891200217596
4,23,26,27.0,0.75,0.0,0,2,27.2,24.2,33.0,27.8,3.2031234756093827,3.95,-0.25881904510252157,0.9659258262890681,-0.433883739117558,-0.9009688679024191,35.999952000064
4,23,26,20.0,3.25,0.0,0,0,27.0,27.2,24.2,26.28,4.750999894758997,4.3,-0.25881904510252157,0.9659258262890681,-0.433883739117558,-0.9009688679024191,6.153844260355612
4,23,26,27.0,2.25,0.0,0,1,20.0,27.0,27.2,25.080000000000002,3.1003225638633247,2.7,-0.25881904510252157,0.9659258262890681,-0.433883739117558,-0.9009688679024191,11.999994666669036
4,23,26,27.6,2.25,0.0,0,2,27.0,20.0,27.0,25.76,3.229241396984751,1.8,-0.25881904510252157,0.9659258262890681,-0.433883739117558,-0.9009688679024191,12.266661214817237
4,23,26,19.2,0.5,0.0,0,0,27.6,27.0,20.0,24.160000000000004,4.1794736510714,1.8,-0.25881904510252157,0.9659258262890681,-0.433883739117558,-0.9009688679024191,38.399923200153594
4,23,26,27.8,4.25,0.0,0,1,19.2,27.6,27.0,24.32,4.328048058882907,2.5,-0.25881904510252157,0.9659258262890681,-0.433883739117558,-0.9009688679024191,6.541174931488252
4,23,27,26.8,0.5,0.0,0,2,27.8,19.2,27.6,25.68,3.645819523783375,1.95,-0.25881904510252157,0.9659258262890681,-0.433883739117558,-0.9009688679024191,53.5998928002144
4,23,27,20.6,4.75,0.0,0,0,26.8,27.8,19.2,24.4,4.154515615568209,2.45,-0.25881904510252157,0.9659258262890681,-0.433883739117558,-0.9009688679024191,4.33684119224396
4,23,27,28.0,1.75,0.0,0,1,20.6,26.8,27.8,24.48,4.23461922727417,2.35,-0.25881904510252157,0.9659258262890681,-0.433883739117558,-0.9009688679024191,15.999990857148083
4,23,27,28.6,4.0,0.0,0,2,28.0,20.6,26.8,26.360000000000003,3.2845090957401846,3.05,-0.25881904510252157,0.9659258262890681,-0.433883739117558,-0.9009688679024191,7.149998212500447
4,23,27,23.6,5.5,0.0,0,0,28.6,28.0,20.6,25.520000000000003,3.360357123878359,3.3,-0.25881904510252157,0.9659258262890681,-0.433883739117558,-0.9009688679024191,4.290908310743943
4,23,27,27.6,1.5,0.0,0,1,23.6,28.6,28.0,25.68,3.4542727165063316,3.5,-0.25881904510252157,0.9659258262890681,-0.433883739117558,-0.9009688679024191,18.39998773334151
4,23,27,27.0,1.5,0.0,0,2,27.6,23.6,28.6,26.96,1.9667231630303188,2.85,-0.25881904510252157,0.9659258262890681,-0.433883739117558,-0.9009688679024191,17.999988000008003
4,23,27,21.4,3.5,0.0,0,0,27.0,27.6,23.6,25.639999999999997,3.0245660845813953,3.2,-0.25881904510252157,0.9659258262890681,-0.433883739117558,-0.9009688679024191,6.114283967347437
4,23,27,29.4,4.0,0.0,0,1,21.4,27.0,27.6,25.8,3.234192325759249,3.2,-0.25881904510252157,0.9659258262890681,-0.433883739117558,-0.9009688679024191,7.349998162500459
4,23,28,26.0,1.5,0.0,0,2,29.4,21.4,27.0,26.28,2.9953296980466115,2.4,-0.25881904510252157,0.9659258262890681,-0.433883739117558,-0.9009688679024191,17.333321777785482
4,23,28,21.2,4.75,0.0,0,0,26.0,29.4,21.4,25.0,3.5972211497209967,3.05,-0.25881904510252157,0.9659258262890681,-0.433883739117558,-0.9009688679024191,4.463156955124851
4,23,28,29.8,2.5,0.0,0,1,21.2,26.0,29.4,25.56,4.160288451537951,3.25,-0.25881904510252157,0.9659258262890681,-0.433883739117558,-0.9009688679024191,11.919995232001908
4,23,28,30.2,6.0,0.0,0,2,29.8,21.2,26.0,27.32,3.8068359565392327,3.75,-0.25881904510252157,0.9659258262890681,-0.433883739117558,-0.9009688679024191,5.033332494444584
4,23,28,20.2,2.0,0.0,0,0,30.2,29.8,21.2,25.48,4.674612283387793,3.35,-0.25881904510252157,0.9659258262890681,-0.433883739117558,-0.9009688679024191,10.099994950002523
4,23,28,26.6,0.25,0.0,0,1,20.2,30.2,29.8,25.6,4.698936049788295,3.1,-0.25881904510252157,0.9659258262890681,-0.433883739117558,-0.9009688679024191,106.39957440170241
4,23,28,31.0,4.75,0.0,0,2,26.6,20.2,30.2,27.560000000000002,4.4416213255972155,3.1,-0.25881904510252157,0.9659258262890681,-0.433883739117558,-0.9009688679024191,6.526314415512754
4,23,28,30.4,17.75,0.0,0,0,31.0,26.6,20.2,27.68,4.524599429783808,6.15,-0.25881904510252157,0.9659258262890681,-0.433883739117558,-0.9009688679024191,1.7126759598492416
4,23,29,27.8,2.75,0.0,0,1,30.4,31.0,26.6,27.2,4.312771730569562,5.5,-0.25881904510252157,0.9659258262890681,-0.433883739117558,-0.9009688679024191,10.109087233059189
4,23,29,27.0,2.0,0.0,0,2,27.8,30.4,31.0,28.560000000000002,2.0119642143934713,5.5,-0.25881904510252157,0.9659258262890681,-0.433883739117558,-0.9009688679024191,13.499993250003374
4,23,29,20.6,2.5,0.0,0,0,27.0,27.8,30.4,27.360000000000003,4.138598796694355,5.95,-0.25881904510252157,0.9659258262890681,-0.433883739117558,-0.9009688679024191,8.23999670400132
4,23,29,26.4,1.0,0.0,0,1,20.6,27.0,27.8,26.439999999999998,3.6038867906747556,5.2,-0.25881904510252157,0.9659258262890681,-0.433883739117558,-0.9009688679024191,26.3999736000264
4,23,29,26.6,0.5,0.0,0,2,26.4,20.6,27.0,25.68,2.8899826989101536,1.75,-0.25881904510252157,0.9659258262890681,-0.433883739117558,-0.9009688679024191,53.199893600212796
4,23,29,24.0,12.5,0.0,0,0,26.6,26.4,20.6,24.919999999999998,2.685516710057869,3.7,-0.25881904510252157,0.9659258262890681,-0.433883739117558,-0.9009688679024191,1.9199998464000123
4,23,29,29.6,3.25,0.0,0,1,24.0,26.6,26.4,25.44,3.356784175367852,3.95,-0.25881904510252157,0.9659258262890681,-0.433883739117558,-0.9009688679024191,9.107689505326306
4,23,29,30.2,5.75,0.0,0,2,29.6,24.0,26.6,27.359999999999996,2.543226297441889,4.6,-0.25881904510252157,0.9659258262890681,-0.433883739117558,-0.9009688679024191,5.252172999622087
4,23,30,25.8,4.75,0.0,0,0,30.2,29.6,24.0,27.24,2.6130442016927273,5.35,-0.25881904510252157,0.9659258262890681,-0.433883739117558,-0.9009688679024191,5.431577803878357
4,23,30,29.0,2.25,0.0,0,1,25.8,30.2,29.6,27.720000000000006,2.685516710057856,5.7,-0.25881904510252157,0.9659258262890681,-0.433883739117558,-0.9009688679024191,12.888883160496372
4,23,30,39.075,38.0,0.0,0,2,29.0,25.8,30.2,30.735000000000003,4.962219765387251,10.8,-0.25881904510252157,0.9659258262890681,-0.433883739117558,-0.9009688679024191,1.028289446623962
4,23,30,22.4,3.0,0.0,0,0,39.075,29.0,25.8,29.294999999999998,6.251209882894666,10.75,-0.25881904510252157,0.9659258262890681,-0.433883739117558,-0.9009688679024191,7.466664177778607
4,23,30,26.4,0.5,0.0,0,1,22.4,39.075,29.0,28.535000000000004,6.343983370091693,9.7,-0.25881904510252157,0.9659258262890681,-0.433883739117558,-0.9009688679024191,52.799894400211194
4,23,30,28.8,2.5,0.0,0,2,26.4,22.4,39.075,29.135,6.159839689472441,9.25,-0.25881904510252157,0.9659258262890681,-0.433883739117558,-0.9009688679024191,11.519995392001842
4,23,30,21.0,2.5,0.0,0,0,28.8,26.4,22.4,27.535000000000004,7.1612586184273495,9.3,-0.25881904510252157,0.9659258262890681,-0.433883739117558,-0.9009688679024191,8.399996640001344
4,23,30,28.8,3.75,0.0,0,1,21.0,28.8,26.4,25.48,3.621049571602141,2.45,-0.25881904510252157,0.9659258262890681,-0.433883739117558,-0.9009688679024191,7.679997952000546
4,23,31,29.8,7.75,0.0,0,2,28.8,21.0,28.8,26.959999999999997,3.5592133962436128,3.4,-0.25881904510252157,0.9659258262890681,-0.433883739117558,-0.9009688679024191,3.8451607941728008
4,23,31,20.4,2.0,0.0,0,0,29.8,28.8,21.0,25.76,4.641982335166738,3.7,-0.25881904510252157,0.9659258262890681,-0.433883739117558,-0.9009688679024191,10.19999490000255
4,23,31,27.4,1.75,0.0,0,1,20.4,29.8,28.8,25.48,4.451067287741228,3.55,-0.25881904510252157,0.9659258262890681,-0.433883739117558,-0.9009688679024191,15.657133910209193
4,23,31,31.8,10.75,0.0,0,2,27.4,20.4,29.8,27.639999999999997,4.352930047680522,5.2,-0.25881904510252157,0.9659258262890681,-0.433883739117558,-0.9009688679024191,2.958139259707976
4,23,31,18.2,1.0,0.0,0,0,31.8,27.4,20.4,25.52,5.9390234887563835,4.65,-0.25881904510252157,0.9659258262890681,-0.433883739117558,-0.9009688679024191,18.1999818000182
4,23,31,26.6,1.0,0.0,0,1,18.2,31.8,27.4,24.88,5.520144925633753,3.3,-0.25881904510252157,0.9659258262890681,-0.433883739117558,-0.9009688679024191,26.599973400026602
4,23,31,27.0,1.25,0.0,0,2,26.6,18.2,31.8,26.2,4.939635614091389,3.15,-0.25881904510252157,0.9659258262890681,-0.433883739117558,-0.9009688679024191,21.599982720013827
4,23,31,21.8,5.0,0.0,0,0,27.0,26.6,18.2,25.080000000000002,5.226088403385467,3.8,-0.25881904510252157,0.9659258262890681,-0.433883739117558,-0.9009688679024191,4.359999128000174
4,23,31,32.0,5.5,0.0,0,1,21.8,27.0,26.6,25.119999999999997,5.2907466391805285,2.75,-0.25881904510252157,0.9659258262890681,-0.433883739117558,-0.9009688679024191,5.818180760330771
4,23,32,29.2,2.25,0.0,0,2,32.0,21.8,27.0,27.32,3.7592552453910297,3.0,-0.25881904510252157,0.9659258262890681,-0.433883739117558,-0.9009688679024191,12.977772009879105
4,23,32,18.6,0.5,0.0,0,0,29.2,32.0,21.8,25.72,5.460036629913761,2.9,-0.25881904510252157,0.9659258262890681,-0.433883739117558,-0.9009688679024191,37.1999256001488
4,23,32,37.8,11.5,0.0,0,1,18.6,29.2,32.0,27.880000000000003,7.749322551036312,4.95,-0.25881904510252157,0.9659258262890681,-0.433883739117558,-0.9009688679024191,3.286956235916849
4,23,32,30.4,4.75,0.0,0,2,37.8,18.6,29.2,29.6,6.978538528947152,4.9,-0.25881904510252157,0.9659258262890681,-0.433883739117558,-0.9009688679024191,6.399998652631862
4,23,32,19.0,0.5,0.0,0,0,30.4,37.8,18.6,27.0,8.17924201867141,3.9,-0.25881904510252157,0.9659258262890681,-0.433883739117558,-0.9009688679024191,37.999924000152
4,23,32,29.4,2.0,0.0,0,1,19.0,30.4,37.8,27.04,8.193167885500696,3.85,-0.25881904510252157,0.9659258262890681,-0.433883739117558,-0.9009688679024191,14.699992650003674
4,23,32,32.8,13.5,0.0,0,2,29.4,19.0,30.4,29.879999999999995,6.8943455091835855,6.45,-0.25881904510252157,0.9659258262890681,-0.433883739117558,-0.9009688679024191,2.4296294496570776
4,23,33,20.4,2.0,0.0,0,0,32.8,29.4,19.0,26.4,6.2593929418115275,4.55,-0.25881904510252157,0.9659258262890681,-0.433883739117558,-0.9009688679024191,10.19999490000255
4,23,33,30.6,5.0,0.0,0,1,20.4,32.8,29.4,26.439999999999998,6.291899554188701,4.6,-0.25881904510252157,0.9659258262890681,-0.433883739117558,-0.9009688679024191,6.119998776000245
4,23,33,29.6,2.75,0.0,0,2,30.6,20.4,32.8,28.559999999999995,4.756889740155842,5.05,-0.25881904510252157,0.9659258262890681,-0.433883739117558,-0.9009688679024191,10.7636324495882
4,23,33,20.4,2.25,0.0,0,0,29.6,30.6,20.4,26.76,5.920135133592812,5.1,-0.25881904510252157,0.9659258262890681,-0.433883739117558,-0.9009688679024191,9.066662637038826
4,23,33,27.8,2.0,0.0,0,1,20.4,29.6,30.6,25.76,4.99479729318418,2.8,-0.25881904510252157,0.9659258262890681,-0.433883739117558,-0.9009688679024191,13.899993050003474
4,23,33,27.2,2.25,0.0,0,2,27.8,20.4,29.6,27.119999999999997,3.996498467408685,2.85,-0.25881904510252157,0.9659258262890681,-0.433883739117558,-0.9009688679024191,12.08888351605177
4,23,33,18.6,1.5,0.0,0,0,27.2,27.8,20.4,24.72,4.887944353202073,2.15,-0.25881904510252157,0.9659258262890681,-0.433883739117558,-0.9009688679024191,12.399991733338846
4,23,33,27.0,1.75,0.0,0,1,18.6,27.2,27.8,24.2,4.347413023856837,1.95,-0.25881904510252157,0.9659258262890681,-0.433883739117558,-0.9009688679024191,15.428562612249937
4,23,34,27.4,1.5,0.0,0,2,27.0,18.6,27.2,25.6,3.924283374069718,1.8,-0.25881904510252157,0.9659258262890681,-0.433883739117558,-0.9009688679024191,18.266654488897007
4,23,34,20.2,2.75,0.0,0,0,27.4,27.0,18.6,24.080000000000002,4.311844153027802,1.95,-0.25881904510252157,0.9659258262890681,-0.433883739117558,-0.9009688679024191,7.345451874381136
4,23,34,33.4,7.0,0.0,0,1,20.2,27.4,27.0,25.32,5.995998665777037,2.9,-0.25881904510252157,0.9659258262890681,-0.433883739117558,-0.9009688679024191,4.771427889796016
4,23,34,27.2,2.25,0.0,0,2,33.4,20.2,27.4,27.04,4.674184420837499,3.05,-0.25881904510252157,0.9659258262890681,-0.433883739117558,-0.9009688679024191,12.08888351605177
4,23,34,19.2,1.5,0.0,0,0,27.2,33.4,20.2,25.48,5.845682167206837,3.0,-0.25881904510252157,0.9659258262890681,-0.433883739117558,-0.9009688679024191,12.799991466672356
4,23,34,27.8,3.0,0.0,0,1,19.2,27.2,33.4,25.56,5.881156348882422,3.3,-0.25881904510252157,0.9659258262890681,-0.433883739117558,-0.9009688679024191,9.266663577778807
4,23,34,26.4,1.25,0.0,0,2,27.8,19.2,27.2,26.8,5.065570056765575,3.0,-0.25881904510252157,0.9659258262890681,-0.433883739117558,-0.9009688679024191,21.119983104013517
4,23,34,18.6,0.75,0.0,0,0,26.4,27.8,19.2,23.84,4.541805808266142,1.75,-0.25881904510252157,0.9659258262890681,-0.433883739117558,-0.9009688679024191,24.799966933377423
4,23,34,27.8,4.25,0.0,0,1,18.6,26.4,27.8,23.96,4.65918447799613,2.15,-0.25881904510252157,0.9659258262890681,-0.433883739117558,-0.9009688679024191,6.541174931488252
4,23,35,26.6,1.5,0.0,0,2,27.8,18.6,26.4,25.439999999999998,3.8791751700587107,2.15,-0.25881904510252157,0.9659258262890681,-0.433883739117558,-0.9009688679024191,17.733321511118994
4,23,35,20.8,5.25,0.0,0,0,26.6,27.8,18.6,24.04,4.072836849175286,2.6,-0.25881904510252157,0.9659258262890681,-0.433883739117558,-0.9009688679024191,3.9619040072563796
4,23,35,31.8,7.0,0.0,0,1,20.8,26.6,27.8,25.12,5.365817738238976,3.75,-0.25881904510252157,0.9659258262890681,-0.433883739117558,-0.9009688679024191,4.542856493877644
4,23,35,27.0,2.0,0.0,0,2,31.8,20.8,26.6,26.8,3.9395431207184393,4.0,-0.25881904510252157,0.9659258262890681,-0.433883739117558,-0.9009688679024191,13.499993250003374
4,23,35,19.0,1.25,0.0,0,0,27.0,31.8,20.8,25.04,5.158294291720863,3.4,-0.25881904510252157,0.9659258262890681,-0.433883739117558,-0.9009688679024191,15.19998784000973
4,23,35,27.6,2.5,0.0,0,1,19.0,27.0,31.8,25.24,5.252428009977865,3.6,-0.25881904510252157,0.9659258262890681,-0.433883739117558,-0.9009688679024191,11.039995584001767
4,23,35,25.2,0.5,0.0,0,2,27.6,19.0,27.0,26.119999999999997,4.657467122803983,2.65,-0.25881904510252157,0.9659258262890681,-0.433883739117558,-0.9009688679024191,50.399899200201595
4,23,35,19.0,2.0,0.0,0,0,25.2,27.6,19.0,23.56,4.2553495743593235,1.65,-0.25881904510252157,0.9659258262890681,-0.433883739117558,-0.9009688679024191,9.499995250002375
4,23,36,27.0,3.5,0.0,0,1,19.0,25.2,27.6,23.56,4.2553495743593235,1.95,-0.25881904510252157,0.9659258262890681,-0.433883739117558,-0.9009688679024191,7.714283510204711
4,23,36,26.2,1.25,0.0,0,2,27.0,19.0,25.2,25.0,3.4727510708370746,1.95,-0.25881904510252157,0.9659258262890681,-0.433883739117558,-0.9009688679024191,20.959983232013414
4,23,36,25.8,17.0,0.0,0,0,26.2,27.0,19.0,24.64,3.219937887599705,4.85,-0.25881904510252157,0.9659258262890681,-0.433883739117558,-0.9009688679024191,1.5176469695501782
4,23,36,27.0,2.0,0.0,0,1,25.8,26.2,27.0,25.0,3.3941125496954343,5.15,-0.25881904510252157,0.9659258262890681,-0.433883739117558,-0.9009688679024191,13.499993250003374
4,23,36,26.8,1.0,0.0,0,2,27.0,25.8,26.2,26.560000000000002,0.536656314599965,4.95,-0.25881904510252157,0.9659258262890681,-0.433883739117558,-0.9009688679024191,26.799973200026802
4,23,36,20.2,3.75,0.0,0,0,26.8,27.0,25.8,25.2,2.8354893757515716,5.0,-0.25881904510252157,0.9659258262890681,-0.433883739117558,-0.9009688679024191,5.386665230222605
4,23,36,27.8,1.0,0.0,0,1,20.2,26.8,27.0,25.52,3.0581039877675895,4.95,-0.25881904510252157,0.9659258262890681,-0.433883739117558,-0.9009688679024191,27.799972200027803
4,23,37,27.0,1.0,0.0,0,2,27.8,20.2,26.8,25.76,3.131772660970146,1.75,-0.25881904510252157,0.9659258262890681,-0.433883739117558,-0.9009688679024191,26.999973000027
4,23,37,22.4,6.25,0.0,0,0,27.0,27.8,20.2,24.84,3.3448467827390913,2.6,-0.25881904510252157,0.9659258262890681,-0.433883739117558,-0.9009688679024191,3.5839994265600916
4,23,37,28.2,3.25,0.0,0,1,22.4,27.0,27.8,25.12,3.598888717368188,3.05,-0.25881904510252157,0.9659258262890681,-0.433883739117558,-0.9009688679024191,8.676920407101413
4,23,37,25.6,0.25,0.0,0,2,28.2,22.4,27.0,26.2,2.3452078799117184,2.35,-0.25881904510252157,0.9659258262890681,-0.433883739117558,-0.9009688679024191,102.3995904016384
4,23,37,18.8,3.25,0.0,0,0,25.6,28.2,22.4,24.4,3.8078865529319597,2.8,-0.25881904510252157,0.9659258262890681,-0.433883739117558,-0.9009688679024191,5.784613604734275
4,23,37,27.0,2.5,0.0,0,1,18.8,25.6,28.2,24.4,3.8078865529319597,3.1,-0.25881904510252157,0.9659258262890681,-0.433883739117558,-0.9009688679024191,10.799995680001727
4,23,37,31.0,9.5,0.0,0,2,27.0,18.8,25.6,26.119999999999997,4.5488460075056425,3.75,-0.25881904510252157,0.9659258262890681,-0.433883739117558,-0.9009688679024191,3.263157551246574
4,23,37,19.0,1.25,0.0,0,0,31.0,27.0,18.8,24.28,5.2964138811086166,3.35,-0.25881904510252157,0.9659258262890681,-0.433883739117558,-0.9009688679024191,15.19998784000973
4,23,37,26.6,1.75,0.0,0,1,19.0,31.0,27.0,24.48,5.376988004450079,3.65,-0.25881904510252157,0.9659258262890681,-0.433883739117558,-0.9009688679024191,15.19999131429068
4,23,38,26.8,1.5,0.0,0,2,26.6,19.0,31.0,26.080000000000002,4.357981183988755,3.3,-0.25881904510252157,0.9659258262890681,-0.433883739117558,-0.9009688679024191,17.8666547555635
4,23,38,20.0,1.75,0.0,0,0,26.8,26.6,19.0,24.68,5.05687650630308,3.15,-0.25881904510252157,0.9659258262890681,-0.433883739117558,-0.9009688679024191,11.428564897962916
4,23,38,31.2,7.0,0.0,0,1,20.0,26.8,26.6,24.720000000000002,5.1197656196353405,2.65,-0.25881904510252157,0.9659258262890681,-0.433883739117558,-0.9009688679024191,4.4571422204082545
4,23,38,28.0,3.25,0.0,0,2,31.2,20.0,26.8,26.52,4.083136049655954,3.05,-0.25881904510252157,0.9659258262890681,-0.433883739117558,-0.9009688679024191,8.615381964497857
4,23,38,19.4,1.75,0.0,0,0,28.0,31.2,20.0,25.080000000000002,5.17223356007828,3.05,-0.25881904510252157,0.9659258262890681,-0.433883739117558,-0.9009688679024191,11.085707951024027
4,23,38,26.2,0.5,0.0,0,1,19.4,28.0,31.2,24.96,5.1291324802543405,2.85,-0.25881904510252157,0.9659258262890681,-0.433883739117558,-0.9009688679024191,52.39989520020959
4,23,38,28.4,2.75,0.0,0,2,26.2,19.4,28.0,26.639999999999997,4.425833254879811,3.05,-0.25881904510252157,0.9659258262890681,-0.433883739117558,-0.9009688679024191,10.32726897190219
4,23,38,20.0,2.0,0.0,0,0,28.4,26.2,19.4,24.4,4.374928570845475,2.05,-0.25881904510252157,0.9659258262890681,-0.433883739117558,-0.9009688679024191,9.9999950000025
4,23,39,27.6,2.75,0.0,0,1,20.0,28.4,26.2,24.32,4.295579122772624,1.95,-0.25881904510252157,0.9659258262890681,-0.433883739117558,-0.9009688679024191,10.036359986778187
4,23,39,28.8,6.0,0.0,0,2,27.6,20.0,28.4,26.2,3.6055512754639927,2.8,-0.25881904510252157,0.9659258262890681,-0.433883739117558,-0.9009688679024191,4.7999992000001335
4,23,39,19.6,4.75,0.0,0,0,28.8,27.6,20.0,24.880000000000003,4.65961371789551,3.65,-0.25881904510252157,0.9659258262890681,-0.433883739117558,-0.9009688679024191,4.1263149207758065
4,23,39,26.4,1.25,0.0,0,1,19.6,28.8,27.6,24.48,4.357981183988753,3.35,-0.25881904510252157,0.9659258262890681,-0.433883739117558,-0.9009688679024191,21.119983104013517
4,23,39,28.2,2.75,0.0,0,2,26.4,19.6,28.8,26.119999999999997,3.7512664528129713,3.5,-0.25881904510252157,0.9659258262890681,-0.433883739117558,-0.9009688679024191,10.25454172562119
4,23,39,25.0,13.5,0.0,0,0,28.2,26.4,19.6,25.6,3.6742346141747686,5.65,-0.25881904510252157,0.9659258262890681,-0.433883739117558,-0.9009688679024191,1.851851714677651
4,23,39,33.8,9.5,0.0,0,1,25.0,28.2,26.4,26.6,5.1478150704934995,6.35,-0.25881904510252157,0.9659258262890681,-0.433883739117558,-0.9009688679024191,3.557894362326909
4,23,39,33.6,6.75,0.0,0,2,33.8,25.0,28.2,29.4,4.086563348340509,6.75,-0.25881904510252157,0.9659258262890681,-0.433883739117558,-0.9009688679024191,4.977777040329327
4,23,40,23.8,6.25,0.0,0,0,33.6,33.8,25.0,28.879999999999995,4.685296148590822,7.75,-0.25881904510252157,0.9659258262890681,-0.433883739117558,-0.9009688679024191,3.8079993907200973
4,23,40,28.4,2.0,0.0,0,1,23.8,33.6,33.8,28.919999999999998,4.678888756959283,7.6,-0.25881904510252157,0.9659258262890681,-0.433883739117558,-0.9009688679024191,14.199992900003549
4,23,40,30.2,6.25,0.0,0,2,28.4,23.8,33.6,29.96,4.136181814185638,6.15,-0.25881904510252157,0.9659258262890681,-0.433883739117558,-0.9009688679024191,4.831999226880123
4,23,40,22.2,7.0,0.0,0,0,30.2,28.4,23.8,27.639999999999997,4.66347509910796,5.65,-0.25881904510252157,0.9659258262890681,-0.433883739117558,-0.9009688679024191,3.1714281183674116
4,23,40,27.0,2.75,0.0,0,1,22.2,30.2,28.4,26.32,3.2851179583083456,4.85,-0.25881904510252157,0.9659258262890681,-0.433883739117558,-0.9009688679024191,9.818178247935181
4,23,40,30.8,4.0,0.0,0,2,27.0,22.2,30.2,27.72,3.4310348293189907,4.4,-0.25881904510252157,0.9659258262890681,-0.433883739117558,-0.9009688679024191,7.699998075000481
4,23,40,21.4,5.5,0.0,0,0,30.8,27.0,22.2,26.32,4.380867494001615,5.1,-0.25881904510252157,0.9659258262890681,-0.433883739117558,-0.9009688679024191,3.890908383471203
4,23,40,27.6,1.25,0.0,0,1,21.4,30.8,27.0,25.8,3.9370039370059042,4.1,-0.25881904510252157,0.9659258262890681,-0.433883739117558,-0.9009688679024191,22.079982336014133
